Workbook

Sheet Comparison Dashboard
A1: SHORT POLLING vs LONG POLLING COMPARISON
A2: Measured medians across 30 runs (3 repetitions × 5 conditions × 2 modes). Dynamic metrics calculated from 'All Run Data'.
A4: Condition | B4: Short requests | C4: Long requests | D4: Request change | E4: Short DB reads | F4: Long DB reads | G4: Read change | H4: Short detection (ms) | I4: Long detection (ms) | J4: Detection improvement
A5: A — Quiet job | B5: =MEDIAN(_xlfn._xlws.FILTER('All Run Data'!$J$2:$J$31, ('All Run Data'!$B$2:$B$31="A") * ('All Run Data'!$C$2:$C$31="short"))) -> 31 | C5: =MEDIAN(_xlfn._xlws.FILTER('All Run Data'!$J$2:$J$31, ('All Run Data'!$B$2:$B$31="A") * ('All Run Data'!$C$2:$C$31="long"))) -> 6 | D5: =(C5-B5)/B5 -> -0.80645161 | E5: =MEDIAN(_xlfn._xlws.FILTER('All Run Data'!$U$2:$U$31, ('All Run Data'!$B$2:$B$31="A") * ('All Run Data'!$C$2:$C$31="short"))) -> 32 | F5: =MEDIAN(_xlfn._xlws.FILTER('All Run Data'!$U$2:$U$31, ('All Run Data'!$B$2:$B$31="A") * ('All Run Data'!$C$2:$C$31="long"))) -> 12 | G5: =(F5-E5)/E5 -> -0.625 | H5: =MEDIAN(_xlfn._xlws.FILTER('All Run Data'!$S$2:$S$31, ('All Run Data'!$B$2:$B$31="A") * ('All Run Data'!$C$2:$C$31="short"))) -> 123 | I5: =MEDIAN(_xlfn._xlws.FILTER('All Run Data'!$S$2:$S$31, ('All Run Data'!$B$2:$B$31="A") * ('All Run Data'!$C$2:$C$31="long"))) -> 5 | J5: =(H5-I5)/H5 -> 0.95934959
A6: B — Brief job | B6: =MEDIAN(_xlfn._xlws.FILTER('All Run Data'!$J$2:$J$31, ('All Run Data'!$B$2:$B$31="B") * ('All Run Data'!$C$2:$C$31="short"))) -> 2 | C6: =MEDIAN(_xlfn._xlws.FILTER('All Run Data'!$J$2:$J$31, ('All Run Data'!$B$2:$B$31="B") * ('All Run Data'!$C$2:$C$31="long"))) -> 5 | D6: =(C6-B6)/B6 -> 1.5 | E6: =MEDIAN(_xlfn._xlws.FILTER('All Run Data'!$U$2:$U$31, ('All Run Data'!$B$2:$B$31="B") * ('All Run Data'!$C$2:$C$31="short"))) -> 3 | F6: =MEDIAN(_xlfn._xlws.FILTER('All Run Data'!$U$2:$U$31, ('All Run Data'!$B$2:$B$31="B") * ('All Run Data'!$C$2:$C$31="long"))) -> 10 | G6: =(F6-E6)/E6 -> 2.3333333 | H6: =MEDIAN(_xlfn._xlws.FILTER('All Run Data'!$S$2:$S$31, ('All Run Data'!$B$2:$B$31="B") * ('All Run Data'!$C$2:$C$31="short"))) -> 632 | I6: =MEDIAN(_xlfn._xlws.FILTER('All Run Data'!$S$2:$S$31, ('All Run Data'!$B$2:$B$31="B") * ('All Run Data'!$C$2:$C$31="long"))) -> 2 | J6: =(H6-I6)/H6 -> 0.99683544
A7: C1 — Slow updates | B7: =MEDIAN(_xlfn._xlws.FILTER('All Run Data'!$J$2:$J$31, ('All Run Data'!$B$2:$B$31="C1") * ('All Run Data'!$C$2:$C$31="short"))) -> 12 | C7: =MEDIAN(_xlfn._xlws.FILTER('All Run Data'!$J$2:$J$31, ('All Run Data'!$B$2:$B$31="C1") * ('All Run Data'!$C$2:$C$31="long"))) -> 9 | D7: =(C7-B7)/B7 -> -0.25 | E7: =MEDIAN(_xlfn._xlws.FILTER('All Run Data'!$U$2:$U$31, ('All Run Data'!$B$2:$B$31="C1") * ('All Run Data'!$C$2:$C$31="short"))) -> 13 | F7: =MEDIAN(_xlfn._xlws.FILTER('All Run Data'!$U$2:$U$31, ('All Run Data'!$B$2:$B$31="C1") * ('All Run Data'!$C$2:$C$31="long"))) -> 18 | G7: =(F7-E7)/E7 -> 0.38461538 | H7: =MEDIAN(_xlfn._xlws.FILTER('All Run Data'!$S$2:$S$31, ('All Run Data'!$B$2:$B$31="C1") * ('All Run Data'!$C$2:$C$31="short"))) -> 802 | I7: =MEDIAN(_xlfn._xlws.FILTER('All Run Data'!$S$2:$S$31, ('All Run Data'!$B$2:$B$31="C1") * ('All Run Data'!$C$2:$C$31="long"))) -> 5 | J7: =(H7-I7)/H7 -> 0.99376559
A8: C2 — Fast updates | B8: =MEDIAN(_xlfn._xlws.FILTER('All Run Data'!$J$2:$J$31, ('All Run Data'!$B$2:$B$31="C2") * ('All Run Data'!$C$2:$C$31="short"))) -> 12 | C8: =MEDIAN(_xlfn._xlws.FILTER('All Run Data'!$J$2:$J$31, ('All Run Data'!$B$2:$B$31="C2") * ('All Run Data'!$C$2:$C$31="long"))) -> 54 | D8: =(C8-B8)/B8 -> 3.5 | E8: =MEDIAN(_xlfn._xlws.FILTER('All Run Data'!$U$2:$U$31, ('All Run Data'!$B$2:$B$31="C2") * ('All Run Data'!$C$2:$C$31="short"))) -> 13 | F8: =MEDIAN(_xlfn._xlws.FILTER('All Run Data'!$U$2:$U$31, ('All Run Data'!$B$2:$B$31="C2") * ('All Run Data'!$C$2:$C$31="long"))) -> 108 | G8: =(F8-E8)/E8 -> 7.3076923 | H8: =MEDIAN(_xlfn._xlws.FILTER('All Run Data'!$S$2:$S$31, ('All Run Data'!$B$2:$B$31="C2") * ('All Run Data'!$C$2:$C$31="short"))) -> 789 | I8: =MEDIAN(_xlfn._xlws.FILTER('All Run Data'!$S$2:$S$31, ('All Run Data'!$B$2:$B$31="C2") * ('All Run Data'!$C$2:$C$31="long"))) -> 3 | J8: =(H8-I8)/H8 -> 0.99619772
A9: C3 — Fast updates, +200 ms latency | B9: =MEDIAN(_xlfn._xlws.FILTER('All Run Data'!$J$2:$J$31, ('All Run Data'!$B$2:$B$31="C3") * ('All Run Data'!$C$2:$C$31="short"))) -> 10 | C9: =MEDIAN(_xlfn._xlws.FILTER('All Run Data'!$J$2:$J$31, ('All Run Data'!$B$2:$B$31="C3") * ('All Run Data'!$C$2:$C$31="long"))) -> 49 | D9: =(C9-B9)/B9 -> 3.9 | E9: =MEDIAN(_xlfn._xlws.FILTER('All Run Data'!$U$2:$U$31, ('All Run Data'!$B$2:$B$31="C3") * ('All Run Data'!$C$2:$C$31="short"))) -> 11 | F9: =MEDIAN(_xlfn._xlws.FILTER('All Run Data'!$U$2:$U$31, ('All Run Data'!$B$2:$B$31="C3") * ('All Run Data'!$C$2:$C$31="long"))) -> 50 | G9: =(F9-E9)/E9 -> 3.5454545 | H9: =MEDIAN(_xlfn._xlws.FILTER('All Run Data'!$S$2:$S$31, ('All Run Data'!$B$2:$B$31="C3") * ('All Run Data'!$C$2:$C$31="short"))) -> 1036 | I9: =MEDIAN(_xlfn._xlws.FILTER('All Run Data'!$S$2:$S$31, ('All Run Data'!$B$2:$B$31="C3") * ('All Run Data'!$C$2:$C$31="long"))) -> 309 | J9: =(H9-I9)/H9 -> 0.70173745
A11: KEY TAKEAWAY: Long polling detected completion significantly faster in every test condition (70%–99.7% detection improvement). It reduced traffic & DB reads for quiet/slow workloads (Conditions A & C1), but generated up to 7.3x more database reads and 3.9x more requests under rapid-update conditions (Conditions C2 & C3).

Sheet Request Breakdown
A1: REQUEST OUTCOMES — SHORT vs LONG POLLING
A2: Median response and request-event counts per condition and mode, calculated dynamically from source data.
A4: Condition | B4: Mode | C4: Initial 200 | D4: Newer 200 | E4: Unchanged 200 | F4: 204 No Content | G4: Retrieval errors | H4: Cancellations
A5: A — Quiet job | B5: short | C5: =MEDIAN(_xlfn._xlws.FILTER('All Run Data'!$K$2:$K$31, ('All Run Data'!$B$2:$B$31="A") * ('All Run Data'!$C$2:$C$31="short"))) -> 1 | D5: =MEDIAN(_xlfn._xlws.FILTER('All Run Data'!$L$2:$L$31, ('All Run Data'!$B$2:$B$31="A") * ('All Run Data'!$C$2:$C$31="short"))) -> 2 | E5: =MEDIAN(_xlfn._xlws.FILTER('All Run Data'!$M$2:$M$31, ('All Run Data'!$B$2:$B$31="A") * ('All Run Data'!$C$2:$C$31="short"))) -> 28 | F5: =MEDIAN(_xlfn._xlws.FILTER('All Run Data'!$N$2:$N$31, ('All Run Data'!$B$2:$B$31="A") * ('All Run Data'!$C$2:$C$31="short"))) -> 0 | G5: =MEDIAN(_xlfn._xlws.FILTER('All Run Data'!$O$2:$O$31, ('All Run Data'!$B$2:$B$31="A") * ('All Run Data'!$C$2:$C$31="short"))) -> 0 | H5: =MEDIAN(_xlfn._xlws.FILTER('All Run Data'!$P$2:$P$31, ('All Run Data'!$B$2:$B$31="A") * ('All Run Data'!$C$2:$C$31="short"))) -> 0
A6: A — Quiet job | B6: long | C6: =MEDIAN(_xlfn._xlws.FILTER('All Run Data'!$K$2:$K$31, ('All Run Data'!$B$2:$B$31="A") * ('All Run Data'!$C$2:$C$31="long"))) -> 1 | D6: =MEDIAN(_xlfn._xlws.FILTER('All Run Data'!$L$2:$L$31, ('All Run Data'!$B$2:$B$31="A") * ('All Run Data'!$C$2:$C$31="long"))) -> 4 | E6: =MEDIAN(_xlfn._xlws.FILTER('All Run Data'!$M$2:$M$31, ('All Run Data'!$B$2:$B$31="A") * ('All Run Data'!$C$2:$C$31="long"))) -> 0 | F6: =MEDIAN(_xlfn._xlws.FILTER('All Run Data'!$N$2:$N$31, ('All Run Data'!$B$2:$B$31="A") * ('All Run Data'!$C$2:$C$31="long"))) -> 1 | G6: =MEDIAN(_xlfn._xlws.FILTER('All Run Data'!$O$2:$O$31, ('All Run Data'!$B$2:$B$31="A") * ('All Run Data'!$C$2:$C$31="long"))) -> 0 | H6: =MEDIAN(_xlfn._xlws.FILTER('All Run Data'!$P$2:$P$31, ('All Run Data'!$B$2:$B$31="A") * ('All Run Data'!$C$2:$C$31="long"))) -> 0
A7: B — Brief job | B7: short | C7: =MEDIAN(_xlfn._xlws.FILTER('All Run Data'!$K$2:$K$31, ('All Run Data'!$B$2:$B$31="B") * ('All Run Data'!$C$2:$C$31="short"))) -> 1 | D7: =MEDIAN(_xlfn._xlws.FILTER('All Run Data'!$L$2:$L$31, ('All Run Data'!$B$2:$B$31="B") * ('All Run Data'!$C$2:$C$31="short"))) -> 1 | E7: =MEDIAN(_xlfn._xlws.FILTER('All Run Data'!$M$2:$M$31, ('All Run Data'!$B$2:$B$31="B") * ('All Run Data'!$C$2:$C$31="short"))) -> 0 | F7: =MEDIAN(_xlfn._xlws.FILTER('All Run Data'!$N$2:$N$31, ('All Run Data'!$B$2:$B$31="B") * ('All Run Data'!$C$2:$C$31="short"))) -> 0 | G7: =MEDIAN(_xlfn._xlws.FILTER('All Run Data'!$O$2:$O$31, ('All Run Data'!$B$2:$B$31="B") * ('All Run Data'!$C$2:$C$31="short"))) -> 0 | H7: =MEDIAN(_xlfn._xlws.FILTER('All Run Data'!$P$2:$P$31, ('All Run Data'!$B$2:$B$31="B") * ('All Run Data'!$C$2:$C$31="short"))) -> 0
A8: B — Brief job | B8: long | C8: =MEDIAN(_xlfn._xlws.FILTER('All Run Data'!$K$2:$K$31, ('All Run Data'!$B$2:$B$31="B") * ('All Run Data'!$C$2:$C$31="long"))) -> 1 | D8: =MEDIAN(_xlfn._xlws.FILTER('All Run Data'!$L$2:$L$31, ('All Run Data'!$B$2:$B$31="B") * ('All Run Data'!$C$2:$C$31="long"))) -> 4 | E8: =MEDIAN(_xlfn._xlws.FILTER('All Run Data'!$M$2:$M$31, ('All Run Data'!$B$2:$B$31="B") * ('All Run Data'!$C$2:$C$31="long"))) -> 0 | F8: =MEDIAN(_xlfn._xlws.FILTER('All Run Data'!$N$2:$N$31, ('All Run Data'!$B$2:$B$31="B") * ('All Run Data'!$C$2:$C$31="long"))) -> 0 | G8: =MEDIAN(_xlfn._xlws.FILTER('All Run Data'!$O$2:$O$31, ('All Run Data'!$B$2:$B$31="B") * ('All Run Data'!$C$2:$C$31="long"))) -> 0 | H8: =MEDIAN(_xlfn._xlws.FILTER('All Run Data'!$P$2:$P$31, ('All Run Data'!$B$2:$B$31="B") * ('All Run Data'!$C$2:$C$31="long"))) -> 0
A9: C1 — Slow updates | B9: short | C9: =MEDIAN(_xlfn._xlws.FILTER('All Run Data'!$K$2:$K$31, ('All Run Data'!$B$2:$B$31="C1") * ('All Run Data'!$C$2:$C$31="short"))) -> 1 | D9: =MEDIAN(_xlfn._xlws.FILTER('All Run Data'!$L$2:$L$31, ('All Run Data'!$B$2:$B$31="C1") * ('All Run Data'!$C$2:$C$31="short"))) -> 7 | E9: =MEDIAN(_xlfn._xlws.FILTER('All Run Data'!$M$2:$M$31, ('All Run Data'!$B$2:$B$31="C1") * ('All Run Data'!$C$2:$C$31="short"))) -> 4 | F9: =MEDIAN(_xlfn._xlws.FILTER('All Run Data'!$N$2:$N$31, ('All Run Data'!$B$2:$B$31="C1") * ('All Run Data'!$C$2:$C$31="short"))) -> 0 | G9: =MEDIAN(_xlfn._xlws.FILTER('All Run Data'!$O$2:$O$31, ('All Run Data'!$B$2:$B$31="C1") * ('All Run Data'!$C$2:$C$31="short"))) -> 0 | H9: =MEDIAN(_xlfn._xlws.FILTER('All Run Data'!$P$2:$P$31, ('All Run Data'!$B$2:$B$31="C1") * ('All Run Data'!$C$2:$C$31="short"))) -> 0
A10: C1 — Slow updates | B10: long | C10: =MEDIAN(_xlfn._xlws.FILTER('All Run Data'!$K$2:$K$31, ('All Run Data'!$B$2:$B$31="C1") * ('All Run Data'!$C$2:$C$31="long"))) -> 1 | D10: =MEDIAN(_xlfn._xlws.FILTER('All Run Data'!$L$2:$L$31, ('All Run Data'!$B$2:$B$31="C1") * ('All Run Data'!$C$2:$C$31="long"))) -> 8 | E10: =MEDIAN(_xlfn._xlws.FILTER('All Run Data'!$M$2:$M$31, ('All Run Data'!$B$2:$B$31="C1") * ('All Run Data'!$C$2:$C$31="long"))) -> 0 | F10: =MEDIAN(_xlfn._xlws.FILTER('All Run Data'!$N$2:$N$31, ('All Run Data'!$B$2:$B$31="C1") * ('All Run Data'!$C$2:$C$31="long"))) -> 0 | G10: =MEDIAN(_xlfn._xlws.FILTER('All Run Data'!$O$2:$O$31, ('All Run Data'!$B$2:$B$31="C1") * ('All Run Data'!$C$2:$C$31="long"))) -> 0 | H10: =MEDIAN(_xlfn._xlws.FILTER('All Run Data'!$P$2:$P$31, ('All Run Data'!$B$2:$B$31="C1") * ('All Run Data'!$C$2:$C$31="long"))) -> 0
A11: C2 — Fast updates | B11: short | C11: =MEDIAN(_xlfn._xlws.FILTER('All Run Data'!$K$2:$K$31, ('All Run Data'!$B$2:$B$31="C2") * ('All Run Data'!$C$2:$C$31="short"))) -> 1 | D11: =MEDIAN(_xlfn._xlws.FILTER('All Run Data'!$L$2:$L$31, ('All Run Data'!$B$2:$B$31="C2") * ('All Run Data'!$C$2:$C$31="short"))) -> 11 | E11: =MEDIAN(_xlfn._xlws.FILTER('All Run Data'!$M$2:$M$31, ('All Run Data'!$B$2:$B$31="C2") * ('All Run Data'!$C$2:$C$31="short"))) -> 0 | F11: =MEDIAN(_xlfn._xlws.FILTER('All Run Data'!$N$2:$N$31, ('All Run Data'!$B$2:$B$31="C2") * ('All Run Data'!$C$2:$C$31="short"))) -> 0 | G11: =MEDIAN(_xlfn._xlws.FILTER('All Run Data'!$O$2:$O$31, ('All Run Data'!$B$2:$B$31="C2") * ('All Run Data'!$C$2:$C$31="short"))) -> 0 | H11: =MEDIAN(_xlfn._xlws.FILTER('All Run Data'!$P$2:$P$31, ('All Run Data'!$B$2:$B$31="C2") * ('All Run Data'!$C$2:$C$31="short"))) -> 0
A12: C2 — Fast updates | B12: long | C12: =MEDIAN(_xlfn._xlws.FILTER('All Run Data'!$K$2:$K$31, ('All Run Data'!$B$2:$B$31="C2") * ('All Run Data'!$C$2:$C$31="long"))) -> 1 | D12: =MEDIAN(_xlfn._xlws.FILTER('All Run Data'!$L$2:$L$31, ('All Run Data'!$B$2:$B$31="C2") * ('All Run Data'!$C$2:$C$31="long"))) -> 53 | E12: =MEDIAN(_xlfn._xlws.FILTER('All Run Data'!$M$2:$M$31, ('All Run Data'!$B$2:$B$31="C2") * ('All Run Data'!$C$2:$C$31="long"))) -> 0 | F12: =MEDIAN(_xlfn._xlws.FILTER('All Run Data'!$N$2:$N$31, ('All Run Data'!$B$2:$B$31="C2") * ('All Run Data'!$C$2:$C$31="long"))) -> 0 | G12: =MEDIAN(_xlfn._xlws.FILTER('All Run Data'!$O$2:$O$31, ('All Run Data'!$B$2:$B$31="C2") * ('All Run Data'!$C$2:$C$31="long"))) -> 0 | H12: =MEDIAN(_xlfn._xlws.FILTER('All Run Data'!$P$2:$P$31, ('All Run Data'!$B$2:$B$31="C2") * ('All Run Data'!$C$2:$C$31="long"))) -> 0
A13: C3 — Fast updates, +200 ms latency | B13: short | C13: =MEDIAN(_xlfn._xlws.FILTER('All Run Data'!$K$2:$K$31, ('All Run Data'!$B$2:$B$31="C3") * ('All Run Data'!$C$2:$C$31="short"))) -> 1 | D13: =MEDIAN(_xlfn._xlws.FILTER('All Run Data'!$L$2:$L$31, ('All Run Data'!$B$2:$B$31="C3") * ('All Run Data'!$C$2:$C$31="short"))) -> 9 | E13: =MEDIAN(_xlfn._xlws.FILTER('All Run Data'!$M$2:$M$31, ('All Run Data'!$B$2:$B$31="C3") * ('All Run Data'!$C$2:$C$31="short"))) -> 0 | F13: =MEDIAN(_xlfn._xlws.FILTER('All Run Data'!$N$2:$N$31, ('All Run Data'!$B$2:$B$31="C3") * ('All Run Data'!$C$2:$C$31="short"))) -> 0 | G13: =MEDIAN(_xlfn._xlws.FILTER('All Run Data'!$O$2:$O$31, ('All Run Data'!$B$2:$B$31="C3") * ('All Run Data'!$C$2:$C$31="short"))) -> 0 | H13: =MEDIAN(_xlfn._xlws.FILTER('All Run Data'!$P$2:$P$31, ('All Run Data'!$B$2:$B$31="C3") * ('All Run Data'!$C$2:$C$31="short"))) -> 0
A14: C3 — Fast updates, +200 ms latency | B14: long | C14: =MEDIAN(_xlfn._xlws.FILTER('All Run Data'!$K$2:$K$31, ('All Run Data'!$B$2:$B$31="C3") * ('All Run Data'!$C$2:$C$31="long"))) -> 1 | D14: =MEDIAN(_xlfn._xlws.FILTER('All Run Data'!$L$2:$L$31, ('All Run Data'!$B$2:$B$31="C3") * ('All Run Data'!$C$2:$C$31="long"))) -> 48 | E14: =MEDIAN(_xlfn._xlws.FILTER('All Run Data'!$M$2:$M$31, ('All Run Data'!$B$2:$B$31="C3") * ('All Run Data'!$C$2:$C$31="long"))) -> 0 | F14: =MEDIAN(_xlfn._xlws.FILTER('All Run Data'!$N$2:$N$31, ('All Run Data'!$B$2:$B$31="C3") * ('All Run Data'!$C$2:$C$31="long"))) -> 0 | G14: =MEDIAN(_xlfn._xlws.FILTER('All Run Data'!$O$2:$O$31, ('All Run Data'!$B$2:$B$31="C3") * ('All Run Data'!$C$2:$C$31="long"))) -> 0 | H14: =MEDIAN(_xlfn._xlws.FILTER('All Run Data'!$P$2:$P$31, ('All Run Data'!$B$2:$B$31="C3") * ('All Run Data'!$C$2:$C$31="long"))) -> 0

Sheet Version Gaps
A1: VERSION GAPS — INTERMEDIATE SNAPSHOTS NOT RECEIVED
A2: Committed observable versions between initial and terminal snapshots skipped by client. Final state remains authoritative.
A4: Condition | B4: Condition description | C4: Short median gaps | D4: Long median gaps | E4: Short gap range | F4: Long gap range
A5: A | B5: A — Quiet job | C5: =MEDIAN(_xlfn._xlws.FILTER('All Run Data'!$X$2:$X$31, ('All Run Data'!$B$2:$B$31="A") * ('All Run Data'!$C$2:$C$31="short"))) -> 2 | D5: =MEDIAN(_xlfn._xlws.FILTER('All Run Data'!$X$2:$X$31, ('All Run Data'!$B$2:$B$31="A") * ('All Run Data'!$C$2:$C$31="long"))) -> 0 | E5: =MIN(_xlfn._xlws.FILTER('All Run Data'!$X$2:$X$31, ('All Run Data'!$B$2:$B$31="A") * ('All Run Data'!$C$2:$C$31="short"))) & "–" & MAX(_xlfn._xlws.FILTER('All Run Data'!$X$2:$X$31, ('All Run Data'!$B$2:$B$31="A") * ('All Run Data'!$C$2:$C$31="short"))) -> 2–2 | F5: =MIN(_xlfn._xlws.FILTER('All Run Data'!$X$2:$X$31, ('All Run Data'!$B$2:$B$31="A") * ('All Run Data'!$C$2:$C$31="long"))) & "–" & MAX(_xlfn._xlws.FILTER('All Run Data'!$X$2:$X$31, ('All Run Data'!$B$2:$B$31="A") * ('All Run Data'!$C$2:$C$31="long"))) -> 0–0
A6: B | B6: B — Brief job | C6: =MEDIAN(_xlfn._xlws.FILTER('All Run Data'!$X$2:$X$31, ('All Run Data'!$B$2:$B$31="B") * ('All Run Data'!$C$2:$C$31="short"))) -> 3 | D6: =MEDIAN(_xlfn._xlws.FILTER('All Run Data'!$X$2:$X$31, ('All Run Data'!$B$2:$B$31="B") * ('All Run Data'!$C$2:$C$31="long"))) -> 0 | E6: =MIN(_xlfn._xlws.FILTER('All Run Data'!$X$2:$X$31, ('All Run Data'!$B$2:$B$31="B") * ('All Run Data'!$C$2:$C$31="short"))) & "–" & MAX(_xlfn._xlws.FILTER('All Run Data'!$X$2:$X$31, ('All Run Data'!$B$2:$B$31="B") * ('All Run Data'!$C$2:$C$31="short"))) -> 3–3 | F6: =MIN(_xlfn._xlws.FILTER('All Run Data'!$X$2:$X$31, ('All Run Data'!$B$2:$B$31="B") * ('All Run Data'!$C$2:$C$31="long"))) & "–" & MAX(_xlfn._xlws.FILTER('All Run Data'!$X$2:$X$31, ('All Run Data'!$B$2:$B$31="B") * ('All Run Data'!$C$2:$C$31="long"))) -> 0–0
A7: C1 | B7: C1 — Slow updates | C7: =MEDIAN(_xlfn._xlws.FILTER('All Run Data'!$X$2:$X$31, ('All Run Data'!$B$2:$B$31="C1") * ('All Run Data'!$C$2:$C$31="short"))) -> 1 | D7: =MEDIAN(_xlfn._xlws.FILTER('All Run Data'!$X$2:$X$31, ('All Run Data'!$B$2:$B$31="C1") * ('All Run Data'!$C$2:$C$31="long"))) -> 0 | E7: =MIN(_xlfn._xlws.FILTER('All Run Data'!$X$2:$X$31, ('All Run Data'!$B$2:$B$31="C1") * ('All Run Data'!$C$2:$C$31="short"))) & "–" & MAX(_xlfn._xlws.FILTER('All Run Data'!$X$2:$X$31, ('All Run Data'!$B$2:$B$31="C1") * ('All Run Data'!$C$2:$C$31="short"))) -> 1–2 | F7: =MIN(_xlfn._xlws.FILTER('All Run Data'!$X$2:$X$31, ('All Run Data'!$B$2:$B$31="C1") * ('All Run Data'!$C$2:$C$31="long"))) & "–" & MAX(_xlfn._xlws.FILTER('All Run Data'!$X$2:$X$31, ('All Run Data'!$B$2:$B$31="C1") * ('All Run Data'!$C$2:$C$31="long"))) -> 0–0
A8: C2 | B8: C2 — Fast updates | C8: =MEDIAN(_xlfn._xlws.FILTER('All Run Data'!$X$2:$X$31, ('All Run Data'!$B$2:$B$31="C2") * ('All Run Data'!$C$2:$C$31="short"))) -> 42 | D8: =MEDIAN(_xlfn._xlws.FILTER('All Run Data'!$X$2:$X$31, ('All Run Data'!$B$2:$B$31="C2") * ('All Run Data'!$C$2:$C$31="long"))) -> 0 | E8: =MIN(_xlfn._xlws.FILTER('All Run Data'!$X$2:$X$31, ('All Run Data'!$B$2:$B$31="C2") * ('All Run Data'!$C$2:$C$31="short"))) & "–" & MAX(_xlfn._xlws.FILTER('All Run Data'!$X$2:$X$31, ('All Run Data'!$B$2:$B$31="C2") * ('All Run Data'!$C$2:$C$31="short"))) -> 41–42 | F8: =MIN(_xlfn._xlws.FILTER('All Run Data'!$X$2:$X$31, ('All Run Data'!$B$2:$B$31="C2") * ('All Run Data'!$C$2:$C$31="long"))) & "–" & MAX(_xlfn._xlws.FILTER('All Run Data'!$X$2:$X$31, ('All Run Data'!$B$2:$B$31="C2") * ('All Run Data'!$C$2:$C$31="long"))) -> 0–0
A9: C3 | B9: C3 — Fast updates, +200 ms latency | C9: =MEDIAN(_xlfn._xlws.FILTER('All Run Data'!$X$2:$X$31, ('All Run Data'!$B$2:$B$31="C3") * ('All Run Data'!$C$2:$C$31="short"))) -> 43 | D9: =MEDIAN(_xlfn._xlws.FILTER('All Run Data'!$X$2:$X$31, ('All Run Data'!$B$2:$B$31="C3") * ('All Run Data'!$C$2:$C$31="long"))) -> 4 | E9: =MIN(_xlfn._xlws.FILTER('All Run Data'!$X$2:$X$31, ('All Run Data'!$B$2:$B$31="C3") * ('All Run Data'!$C$2:$C$31="short"))) & "–" & MAX(_xlfn._xlws.FILTER('All Run Data'!$X$2:$X$31, ('All Run Data'!$B$2:$B$31="C3") * ('All Run Data'!$C$2:$C$31="short"))) -> 43–43 | F9: =MIN(_xlfn._xlws.FILTER('All Run Data'!$X$2:$X$31, ('All Run Data'!$B$2:$B$31="C3") * ('All Run Data'!$C$2:$C$31="long"))) & "–" & MAX(_xlfn._xlws.FILTER('All Run Data'!$X$2:$X$31, ('All Run Data'!$B$2:$B$31="C3") * ('All Run Data'!$C$2:$C$31="long"))) -> 4–5
A11: Run-Level Version Gaps (Source Rows with Skipped Versions)
A12: Condition | B12: Mode | C12: Repetition | D12: Job ID | E12: Skipped Version Count
A13: C3 | B13: long | C13: 3 | D13: ec1fff49-0779-4a8b-b9e9-68c0a6f9327e | E13: 5
A14: C3 | B14: long | C14: 2 | D14: a8f675ff-d56e-40c9-bf39-254c04c94dd1 | E14: 4
A15: C2 | B15: long | C15: 1 | D15: 318fdd55-98d2-4050-90ba-3e91b1339fc2 | E15: 0
A16: A | B16: long | C16: 3 | D16: 0287b0bf-866d-4b29-b84a-e9d5bd230c96 | E16: 0
A17: A | B17: short | C17: 3 | D17: 826640ae-e335-431b-8e2a-dae7ee3c2208 | E17: 2
A18: C2 | B18: short | C18: 1 | D18: 5b64c265-d65f-4111-8cc3-459b975cb041 | E18: 42
A19: A | B19: long | C19: 1 | D19: 2c52f64c-b821-4e4f-a680-7b6371ddcefe | E19: 0
A20: B | B20: short | C20: 3 | D20: 8292f8ed-d3e1-4613-b905-650e68b60cb3 | E20: 3
A21: C2 | B21: long | C21: 3 | D21: 24f05f52-7234-4258-9767-2b0cddf117a6 | E21: 0
A22: C1 | B22: long | C22: 2 | D22: e6fd278a-4c74-4635-a03f-41630e96faa7 | E22: 0
A23: C1 | B23: short | C23: 2 | D23: eeb9b09d-67fd-4994-8971-aea866b34586 | E23: 2
A24: C3 | B24: short | C24: 3 | D24: a5b7a0d3-0d8c-47f0-a5e4-0923f8fe1dbf | E24: 43
... A42: B | B42: short | C42: 2 | D42: fd19f378-75f6-4c5c-8d81-ee2d30670764 | E42: 3

Sheet All Run Data
A1: run_id | B1: condition | C1: mode | D1: repetition | E1: job_id | F1: image | G1: latency_setting | H1: baseline_version | I1: terminal_version | J1: requests_started | K1: initial_200 | L1: newer_200 | M1: unchanged_200 | N1: no_change_204 | O1: retrieval_errors | P1: cancellations | Q1: distinct_new_versions_seen | R1: processing_ms | S1: detection_ms | T1: notes | U1: observation_db_reads | V1: artificial_delay_ms | W1: real_processing_ms | X1: version_gap_count
A2: 01629ec4-3635-4b08-8ef0-fc8af68b588e | B2: C3 | C2: long | D2: 3 | E2: ec1fff49-0779-4a8b-b9e9-68c0a6f9327e | F2: picture1.jpg | G2: Chrome custom profile, 200 ms latency, no bandwidth limit | H2: 2 | I2: 54 | J2: 48 | K2: 1 | L2: 47 | M2: 0 | N2: 0 | O2: 0 | P2: 0 | Q2: 47 | R2: 10222 | S2: 267 | T2: 5 intermediate version(s) skipped | U2: 49 | V2: 10000 | W2: 222 | X2: 5
A3: 06cb07de-78a2-4722-8bdc-e48eb70d600a | B3: C3 | C3: long | D3: 2 | E3: a8f675ff-d56e-40c9-bf39-254c04c94dd1 | F3: picture1.jpg | G3: Chrome custom profile, 200 ms latency, no bandwidth limit | H3: 2 | I3: 54 | J3: 49 | K3: 1 | L3: 48 | M3: 0 | N3: 0 | O3: 0 | P3: 0 | Q3: 48 | R3: 10219 | S3: 359 | T3: 4 intermediate version(s) skipped | U3: 50 | V3: 10000 | W3: 219 | X3: 4
A4: 0ab9a916-4f2d-45be-aefb-f05b5a225698 | B4: C2 | C4: long | D4: 1 | E4: 318fdd55-98d2-4050-90ba-3e91b1339fc2 | F4: picture1.jpg | G4: none | H4: 1 | I4: 54 | J4: 54 | K4: 1 | L4: 53 | M4: 0 | N4: 0 | O4: 0 | P4: 0 | Q4: 53 | R4: 10248 | S4: 11 | U4: 108 | V4: 10001 | W4: 247 | X4: 0
A5: 168fe210-5471-49a3-8e9f-4019feca357e | B5: A | C5: long | D5: 3 | E5: 0287b0bf-866d-4b29-b84a-e9d5bd230c96 | F5: picture1.jpg | G5: none | H5: 1 | I5: 5 | J5: 6 | K5: 1 | L5: 4 | M5: 0 | N5: 1 | O5: 0 | P5: 0 | Q5: 4 | R5: 30291 | S5: 12 | U5: 12 | V5: 30000 | W5: 291 | X5: 0
A6: 1958a209-40dd-40b9-8585-b565777708ab | B6: A | C6: short | D6: 3 | E6: 826640ae-e335-431b-8e2a-dae7ee3c2208 | F6: picture1.jpg | G6: none | H6: 1 | I6: 5 | J6: 31 | K6: 1 | L6: 2 | M6: 28 | N6: 0 | O6: 0 | P6: 0 | Q6: 2 | R6: 30206 | S6: 199 | T6: 2 intermediate version(s) skipped | U6: 32 | V6: 30000 | W6: 206 | X6: 2
A7: 200326d7-16da-4650-b043-c7c84a8c8be6 | B7: C2 | C7: short | D7: 1 | E7: 5b64c265-d65f-4111-8cc3-459b975cb041 | F7: picture1.jpg | G7: none | H7: 1 | I7: 54 | J7: 12 | K7: 1 | L7: 11 | M7: 0 | N7: 0 | O7: 0 | P7: 0 | Q7: 11 | R7: 10214 | S7: 789 | T7: 42 intermediate version(s) skipped | U7: 13 | V7: 10001 | W7: 213 | X7: 42
A8: 20061711-ac99-4283-9ef2-f17ebbf2bcca | B8: A | C8: long | D8: 1 | E8: 2c52f64c-b821-4e4f-a680-7b6371ddcefe | F8: picture1.jpg | G8: none | H8: 1 | I8: 5 | J8: 6 | K8: 1 | L8: 4 | M8: 0 | N8: 1 | O8: 0 | P8: 0 | Q8: 4 | R8: 30288 | S8: 3 | U8: 12 | V8: 30000 | W8: 288 | X8: 0
A9: 3ab87b43-b82c-434a-8ed8-e649219a2c7d | B9: B | C9: short | D9: 3 | E9: 8292f8ed-d3e1-4613-b905-650e68b60cb3 | F9: picture1.jpg | G9: none | H9: 1 | I9: 5 | J9: 2 | K9: 1 | L9: 1 | M9: 0 | N9: 0 | O9: 0 | P9: 0 | Q9: 1 | R9: 220 | S9: 792 | T9: 3 intermediate version(s) skipped | U9: 3 | V9: 0 | W9: 220 | X9: 3
A10: 3bd7ae63-4544-476d-adfc-4012c68ae40b | B10: C2 | C10: long | D10: 3 | E10: 24f05f52-7234-4258-9767-2b0cddf117a6 | F10: picture1.jpg | G10: none | H10: 1 | I10: 54 | J10: 54 | K10: 1 | L10: 53 | M10: 0 | N10: 0 | O10: 0 | P10: 0 | Q10: 53 | R10: 10226 | S10: 2 | U10: 108 | V10: 10000 | W10: 226 | X10: 0
A11: 3c8f1fe9-8ae0-48e2-9ad4-a7a2d6db399c | B11: C1 | C11: long | D11: 2 | E11: e6fd278a-4c74-4635-a03f-41630e96faa7 | F11: picture1.jpg | G11: none | H11: 1 | I11: 9 | J11: 9 | K11: 1 | L11: 8 | M11: 0 | N11: 0 | O11: 0 | P11: 0 | Q11: 8 | R11: 10261 | S11: 10 | U11: 18 | V11: 10000 | W11: 261 | X11: 0
A12: 476b2785-0497-4263-b426-01ec85a58cb9 | B12: C1 | C12: short | D12: 2 | E12: eeb9b09d-67fd-4994-8971-aea866b34586 | F12: picture1.jpg | G12: none | H12: 1 | I12: 9 | J12: 12 | K12: 1 | L12: 6 | M12: 5 | N12: 0 | O12: 0 | P12: 0 | Q12: 6 | R12: 10228 | S12: 735 | T12: 2 intermediate version(s) skipped | U12: 13 | V12: 10001 | W12: 227 | X12: 2
A13: 527669d3-e342-481f-9e86-0c8c57225554 | B13: C3 | C13: short | D13: 3 | E13: a5b7a0d3-0d8c-47f0-a5e4-0923f8fe1dbf | F13: picture1.jpg | G13: Chrome custom profile, 200 ms latency, no bandwidth limit | H13: 2 | I13: 54 | J13: 10 | K13: 1 | L13: 9 | M13: 0 | N13: 0 | O13: 0 | P13: 0 | Q13: 9 | R13: 10227 | S13: 1036 | T13: 43 intermediate version(s) skipped | U13: 11 | V13: 10001 | W13: 226 | X13: 43
A14: 52f545cc-1ff1-4bdb-80ef-71bd56ee9c8f | B14: C1 | C14: long | D14: 1 | E14: 5ffca700-0636-4acc-94eb-7c9c9524445a | F14: picture1.jpg | G14: none | H14: 1 | I14: 9 | J14: 9 | K14: 1 | L14: 8 | M14: 0 | N14: 0 | O14: 0 | P14: 0 | Q14: 8 | R14: 10247 | S14: 4 | U14: 18 | V14: 10000 | W14: 247 | X14: 0
A15: 5ccad4f0-9333-432b-8bb4-b2493191f361 | B15: C1 | C15: short | D15: 3 | E15: dd801e32-4268-49a5-a5c5-54bd310d4bcc | F15: picture1.jpg | G15: none | H15: 1 | I15: 9 | J15: 12 | K15: 1 | L15: 7 | M15: 4 | N15: 0 | O15: 0 | P15: 0 | Q15: 7 | R15: 10269 | S15: 802 | T15: 1 intermediate version(s) skipped | U15: 13 | V15: 10000 | W15: 269 | X15: 1
A16: 6451bead-5518-47a6-8cc1-e1d1d62efe0f | B16: C3 | C16: long | D16: 1 | E16: 259e7926-35ad-4af2-9f01-a5e3edda738d | F16: picture1.jpg | G16: Chrome custom profile, 200 ms latency, no bandwidth limit | H16: 2 | I16: 54 | J16: 49 | K16: 1 | L16: 48 | M16: 0 | N16: 0 | O16: 0 | P16: 0 | Q16: 48 | R16: 10240 | S16: 309 | T16: 4 intermediate version(s) skipped | U16: 50 | V16: 10000 | W16: 240 | X16: 4
A17: 6911c840-cc92-4d08-b8f4-d30337b068ee | B17: A | C17: short | D17: 1 | E17: a5b46756-48b1-4d79-889a-fd3b7aa1ebdb | F17: picture1.jpg | G17: none | H17: 1 | I17: 5 | J17: 31 | K17: 1 | L17: 2 | M17: 28 | N17: 0 | O17: 0 | P17: 0 | Q17: 2 | R17: 30235 | S17: 123 | T17: 2 intermediate version(s) skipped | U17: 32 | V17: 30000 | W17: 235 | X17: 2
A18: 768a5652-29e6-401f-80a2-5d5982d1da9e | B18: A | C18: short | D18: 2 | E18: 894da8df-149c-468f-94de-18f477d1a597 | F18: picture1.jpg | G18: none | H18: 1 | I18: 5 | J18: 31 | K18: 1 | L18: 2 | M18: 28 | N18: 0 | O18: 0 | P18: 0 | Q18: 2 | R18: 30221 | S18: 99 | T18: 2 intermediate version(s) skipped | U18: 32 | V18: 30000 | W18: 221 | X18: 2
A19: 89fc4c34-25bc-457a-a7a4-243922bd0600 | B19: C2 | C19: long | D19: 2 | E19: 9d61c548-785d-4c4c-9411-979f8658c6e3 | F19: picture1.jpg | G19: none | H19: 1 | I19: 54 | J19: 54 | K19: 1 | L19: 53 | M19: 0 | N19: 0 | O19: 0 | P19: 0 | Q19: 53 | R19: 10222 | S19: 3 | U19: 108 | V19: 10000 | W19: 222 | X19: 0
A20: 91013a06-1f57-46e0-9ca3-75e43db8d206 | B20: A | C20: long | D20: 2 | E20: 090fbe3f-8544-4590-aa67-f2772950ba03 | F20: picture1.jpg | G20: none | H20: 1 | I20: 5 | J20: 6 | K20: 1 | L20: 4 | M20: 0 | N20: 1 | O20: 0 | P20: 0 | Q20: 4 | R20: 30278 | S20: 5 | U20: 11 | V20: 30000 | W20: 278 | X20: 0
A21: 91ea1cf3-4266-4f35-b8d9-04fce072138e | B21: C1 | C21: short | D21: 1 | E21: 5a3b5cc9-837d-40ea-a4b0-fb563f19706d | F21: picture1.jpg | G21: none | H21: 1 | I21: 9 | J21: 12 | K21: 1 | L21: 7 | M21: 4 | N21: 0 | O21: 0 | P21: 0 | Q21: 7 | R21: 10230 | S21: 976 | T21: 1 intermediate version(s) skipped | U21: 13 | V21: 10000 | W21: 230 | X21: 1
A22: 94015154-b073-46c8-b0eb-56dcc8d487dd | B22: C2 | C22: short | D22: 2 | E22: 0fcaa89e-f30e-4b4a-b249-efdba213bf3e | F22: picture1.jpg | G22: none | H22: 1 | I22: 54 | J22: 12 | K22: 1 | L22: 11 | M22: 0 | N22: 0 | O22: 0 | P22: 0 | Q22: 11 | R22: 10218 | S22: 744 | T22: 42 intermediate version(s) skipped | U22: 13 | V22: 10000 | W22: 218 | X22: 42
A23: a6d16ffd-8ce6-4c84-8dea-5ff822fbdf49 | B23: C2 | C23: short | D23: 3 | E23: ccc4b386-d9fa-4055-bb28-25848e006da3 | F23: picture1.jpg | G23: none | H23: 2 | I23: 54 | J23: 12 | K23: 1 | L23: 11 | M23: 0 | N23: 0 | O23: 0 | P23: 0 | Q23: 11 | R23: 10225 | S23: 982 | T23: 41 intermediate version(s) skipped | U23: 13 | V23: 10000 | W23: 225 | X23: 41
A24: c974dbf5-0d8b-4dd1-99be-830525946f4c | B24: C3 | C24: short | D24: 1 | E24: c72133b4-cbcf-408d-8cd7-1a939db9d37f | F24: picture1.jpg | G24: Chrome custom profile, 200 ms latency, no bandwidth limit | H24: 2 | I24: 54 | J24: 10 | K24: 1 | L24: 9 | M24: 0 | N24: 0 | O24: 0 | P24: 0 | Q24: 9 | R24: 10216 | S24: 1060 | T24: 43 intermediate version(s) skipped | U24: 11 | V24: 10000 | W24: 216 | X24: 43
A25: cb8cef20-2a50-41e6-ba55-e08371da2065 | B25: C1 | C25: long | D25: 3 | E25: 76aa1a81-aab6-46ea-9162-e3d511091cf9 | F25: picture1.jpg | G25: none | H25: 1 | I25: 9 | J25: 9 | K25: 1 | L25: 8 | M25: 0 | N25: 0 | O25: 0 | P25: 0 | Q25: 8 | R25: 10301 | S25: 5 | U25: 18 | V25: 10001 | W25: 300 | X25: 0
A26: d2612352-ae5d-4ecf-9430-e45341a5da37 | B26: C3 | C26: short | D26: 2 | E26: cbb77445-a9f8-4797-98d2-f80bf75918d1 | F26: picture1.jpg | G26: Chrome custom profile, 200 ms latency, no bandwidth limit | H26: 2 | I26: 54 | J26: 10 | K26: 1 | L26: 9 | M26: 0 | N26: 0 | O26: 0 | P26: 0 | Q26: 9 | R26: 10220 | S26: 1017 | T26: 43 intermediate version(s) skipped | U26: 11 | V26: 10000 | W26: 220 | X26: 43
A27: e31ee812-fe4b-4b42-94d7-cf2e957fc7f9 | B27: B | C27: long | D27: 1 | E27: 821ee60f-c127-40da-bb72-991abbd1b6a2 | F27: picture1.jpg | G27: none | H27: 1 | I27: 5 | J27: 5 | K27: 1 | L27: 4 | M27: 0 | N27: 0 | O27: 0 | P27: 0 | Q27: 4 | R27: 211 | S27: 2 | U27: 10 | V27: 0 | W27: 211 | X27: 0
A28: ee77cdc3-b5c5-4bbf-884a-6db036fa4df1 | B28: B | C28: long | D28: 2 | E28: 192c2d46-512e-487c-9d51-7fe726208a13 | F28: picture1.jpg | G28: none | H28: 1 | I28: 5 | J28: 5 | K28: 1 | L28: 4 | M28: 0 | N28: 0 | O28: 0 | P28: 0 | Q28: 4 | R28: 222 | S28: 2 | U28: 10 | V28: 0 | W28: 222 | X28: 0
A29: eecc11a2-e495-4671-a996-8a61409c6ecd | B29: B | C29: long | D29: 3 | E29: 68cc30a5-9c50-4df9-b0d5-af16e694662f | F29: picture1.jpg | G29: none | H29: 1 | I29: 5 | J29: 5 | K29: 1 | L29: 4 | M29: 0 | N29: 0 | O29: 0 | P29: 0 | Q29: 4 | R29: 217 | S29: 4 | U29: 10 | V29: 0 | W29: 217 | X29: 0
A30: f3d75163-b9b6-412d-90d9-15ca67391b5e | B30: B | C30: short | D30: 1 | E30: 93ebde86-8ca8-47a6-8b20-d0122c47be66 | F30: picture1.jpg | G30: none | H30: 1 | I30: 5 | J30: 2 | K30: 1 | L30: 1 | M30: 0 | N30: 0 | O30: 0 | P30: 0 | Q30: 1 | R30: 216 | S30: 632 | T30: 3 intermediate version(s) skipped | U30: 3 | V30: 0 | W30: 216 | X30: 3
A31: f8f2a804-02b8-4def-b461-987b29a94fdb | B31: B | C31: short | D31: 2 | E31: fd19f378-75f6-4c5c-8d81-ee2d30670764 | F31: picture1.jpg | G31: none | H31: 1 | I31: 5 | J31: 2 | K31: 1 | L31: 1 | M31: 0 | N31: 0 | O31: 0 | P31: 0 | Q31: 1 | R31: 204 | S31: 629 | T31: 3 intermediate version(s) skipped | U31: 3 | V31: 0 | W31: 204 | X31: 3
